1,2,3,4,5,6
-1277.0,180.0,-209.0,-1,-8,1
1613.0,328.0,808.0,-42,-4,1
307.0,930.0,-482.0,-36,12,1
-1480.0,1208.0,-201.0,-1,-9,1
898.0,412.0,-321.0,-56,15,1
-1.0,-871.0,-2048.0,-68,9,1
1443.0,-1014.0,-1217.0,-10,1,1
-2048.0,1339.0,-1941.0,10,3,1
-2048.0,1310.0,-360.0,-25,8,1
-869.0,301.0,-1249.0,-33,-13,1
518.0,652.0,273.0,-7,-16,1
321.0,293.0,166.0,55,-7,1
325.0,-643.0,-2048.0,-61,-20,1
-1549.0,6.0,-882.0,42,-1,1
1730.0,-1446.0,-2048.0,-19,6,1
-1059.0,685.0,262.0,-22,3,1
290.0,-476.0,-2006.0,-16,3,1
-590.0,749.0,459.0,-12,-1,1
-697.0,-432.0,-2045.0,13,8,1
267.0,1103.0,-776.0,-23,4,1
-1445.0,451.0,-639.0,16,1,1
-1940.0,-275.0,-1514.0,11,3,1
-1619.0,704.0,-500.0,-49,-5,1
1142.0,-1138.0,-2048.0,-33,5,1
897.0,721.0,-87.0,-19,0,1
-272.0,649.0,-732.0,45,-12,1
363.0,-1065.0,-2048.0,-15,-4,1
-1024.0,76.0,137.0,53,16,1
-1906.0,1064.0,-772.0,-26,5,1
-2048.0,1160.0,-748.0,10,-7,1
2047.0,202.0,174.0,20,-21,1
-115.0,617.0,170.0,31,13,1
-1084.0,-125.0,-1968.0,27,6,1
600.0,1042.0,-744.0,-47,0,1
2047.0,-1399.0,-2048.0,-29,2,1
-1614.0,24.0,-1803.0,9,-10,1
751.0,302.0,-665.0,-14,1,1
2047.0,-1331.0,575.0,51,16,1
1225.0,-856.0,-1655.0,-34,-10,1
983.0,-1084.0,-2048.0,31,-5,1
942.0,-875.0,-1691.0,22,-11,1
-909.0,-54.0,-578.0,0,4,1
625.0,-1025.0,-2048.0,-1,-4,1
853.0,648.0,441.0,-33,4,1
1199.0,199.0,-474.0,14,-11,1
677.0,-1352.0,-237.0,5,-4,1
-435.0,-1152.0,-2048.0,15,-1,1
253.0,553.0,20.0,10,6,1
2047.0,282.0,535.0,36,-20,1
-1516.0,-144.0,-1570.0,-7,7,1
333.0,848.0,-386.0,-10,-5,1
836.0,282.0,-85.0,22,9,1
2047.0,-1144.0,605.0,15,10,1
-1871.0,-320.0,-1530.0,11,-16,1
-326.0,524.0,-891.0,-27,-12,1
1666.0,518.0,784.0,9,0,1
578.0,-380.0,-1691.0,-54,-15,1
-1951.0,877.0,-605.0,-6,-9,1
-102.0,-666.0,-2048.0,-36,-17,1
-861.0,1003.0,67.0,18,5,1
2047.0,-1126.0,-1593.0,-49,4,1
-1034.0,927.0,-1228.0,-9,-17,1
-747.0,621.0,-653.0,34,11,1
-1861.0,328.0,-2048.0,-11,5,1
-2048.0,97.0,-1241.0,51,4,1
2047.0,225.0,856.0,-18,1,1
-1726.0,1192.0,-1488.0,38,0,1
-1361.0,229.0,-1057.0,51,-1,1
1640.0,673.0,390.0,-14,-3,1
1734.0,245.0,-461.0,-26,-15,1
572.0,860.0,10.0,-17,-10,1
2047.0,-1269.0,-550.0,-36,-12,1
1238.0,-900.0,-1799.0,-28,-6,1
-1554.0,503.0,-1909.0,-42,15,1
-461.0,189.0,-427.0,12,6,1
514.0,-906.0,-1608.0,4,9,1
-1620.0,27.0,-1212.0,37,-14,1
2047.0,222.0,495.0,-9,-10,1
2047.0,-1330.0,-2018.0,-30,-7,1
-829.0,-813.0,-1246.0,18,-9,1
-386.0,795.0,-516.0,-7,-7,1
1342.0,-1004.0,-1264.0,22,9,1
455.0,548.0,-679.0,-54,-13,1
-2048.0,731.0,-1882.0,-39,-7,1
-1188.0,82.0,-952.0,30,2,1
-507.0,974.0,-1246.0,-4,-11,1
-39.0,1030.0,-759.0,-15,-7,1
-2048.0,1244.0,-1721.0,-15,-7,1
-44.0,-686.0,-1983.0,40,10,1
2047.0,-928.0,-1511.0,-60,-18,1
-529.0,1317.0,-941.0,-37,-1,1
-1733.0,639.0,-1421.0,-3,4,1
-971.0,1135.0,-493.0,-31,-1,1
2047.0,-1313.0,-1497.0,-19,17,1
2047.0,426.0,920.0,-7,4,1
-1906.0,1316.0,-348.0,-20,-8,1
1655.0,-738.0,-1345.0,49,11,1
610.0,-828.0,-2010.0,-14,10,1
2047.0,391.0,-715.0,36,-9,1
-206.0,1178.0,-1172.0,7,-4,1
-521.0,181.0,-1561.0,24,8,1
-1124.0,-299.0,-1309.0,-55,-19,1
-1149.0,1306.0,19.0,8,-4,1
1080.0,-733.0,-1781.0,59,6,1
1939.0,-1243.0,-1617.0,-63,-1,1
-1599.0,-219.0,-1197.0,59,16,1
-2018.0,1068.0,-143.0,-15,-4,1
-829.0,172.0,-388.0,-5,7,1
443.0,151.0,-220.0,2,12,1
690.0,-1064.0,-1330.0,-3,7,1
871.0,547.0,-561.0,26,-24,1
-1922.0,1141.0,-1486.0,-30,-1,1
-2048.0,961.0,-1519.0,25,11,1
1236.0,-1053.0,-2048.0,31,16,1
577.0,970.0,-629.0,-20,-3,1
-1031.0,249.0,-881.0,46,-2,1
1746.0,-1088.0,-1312.0,-51,-25,1
581.0,144.0,-225.0,53,16,1
517.0,900.0,-416.0,-19,6,1
-16.0,968.0,312.0,0,-14,1
-1481.0,-1420.0,-1874.0,-1,3,1
-1225.0,-235.0,-819.0,-6,8,1
-2048.0,1083.0,-605.0,-1,2,1
676.0,19.0,97.0,-7,-18,1
-600.0,-519.0,-1547.0,-66,3,1
619.0,325.0,-835.0,40,14,1
334.0,-1092.0,-2048.0,19,3,1
1860.0,-1135.0,-1756.0,-35,-6,1
-2046.0,-1287.0,-1337.0,39,11,1
133.0,1393.0,-278.0,0,-1,1
-2048.0,-631.0,-1634.0,-5,11,1
1223.0,-881.0,-1702.0,-47,-4,1
-1409.0,27.0,-1091.0,-17,0,1
1396.0,-498.0,-1858.0,16,16,1
-2048.0,872.0,-641.0,-19,-5,1
582.0,-778.0,-2048.0,48,8,1
2047.0,-1131.0,-1491.0,-54,3,1
241.0,588.0,348.0,41,13,1
-1403.0,-108.0,-1147.0,-14,-19,1
525.0,-984.0,-2048.0,-41,8,1
-1240.0,686.0,-1133.0,-31,2,1
-1570.0,9.0,-1179.0,10,10,1
305.0,117.0,-1058.0,-26,-7,1
-2048.0,779.0,722.0,-36,-2,1
-1507.0,-279.0,-1795.0,-41,-16,1
-724.0,525.0,-590.0,-36,13,1
2047.0,669.0,498.0,16,-16,1
267.0,-812.0,-1405.0,26,-11,1
193.0,455.0,-287.0,-9,10,1
1771.0,390.0,122.0,9,-14,1
-761.0,-334.0,-1785.0,-6,-1,1
50.0,525.0,-244.0,29,12,1
407.0,-981.0,-2048.0,31,10,1
1147.0,-1001.0,-2048.0,25,12,1
-1199.0,1197.0,-117.0,7,-9,1
1960.0,270.0,705.0,3,-15,1
167.0,-373.0,-1849.0,30,-5,1
356.0,-1062.0,-2048.0,-46,5,1
-588.0,1281.0,-722.0,-34,16,1
-2048.0,979.0,-756.0,-3,-16,1
1305.0,-158.0,-718.0,43,1,1
-1652.0,1139.0,-1050.0,-43,9,1
-1477.0,85.0,-1610.0,2,1,1
-659.0,145.0,-915.0,32,8,1
-1098.0,1435.0,426.0,8,-3,1
716.0,-1097.0,-2048.0,-28,-13,1
1640.0,418.0,318.0,-12,-17,1
-1943.0,-1418.0,-1728.0,21,0,1
-1503.0,1174.0,-327.0,42,15,1
-2048.0,1137.0,-635.0,-13,-7,1
-1800.0,-219.0,-1311.0,19,-5,1
-1191.0,-77.0,-1230.0,-20,-17,1
256.0,368.0,22.0,-28,9,1
986.0,-803.0,-1959.0,33,7,1
521.0,-955.0,-1595.0,-40,-17,1
359.0,244.0,-1073.0,11,15,1
427.0,836.0,91.0,-10,-11,1
-1334.0,123.0,-813.0,63,9,1
-1126.0,-521.0,-1651.0,-70,-4,1
299.0,705.0,-408.0,50,15,1
1536.0,324.0,283.0,-27,-12,1
562.0,-822.0,-1399.0,49,6,1
961.0,398.0,-357.0,-49,-13,1
-1047.0,1286.0,480.0,-17,0,1
1039.0,-759.0,-1862.0,35,9,1
847.0,455.0,380.0,35,19,1
679.0,906.0,-155.0,-7,10,1
1035.0,-990.0,-2048.0,-14,14,1
787.0,104.0,69.0,-24,-15,1
-1468.0,-353.0,-1124.0,-53,-21,1
622.0,377.0,-497.0,-16,2,1
-1960.0,192.0,-1541.0,-19,2,1
-204.0,674.0,-297.0,3,13,1
831.0,286.0,-177.0,46,-21,1
807.0,702.0,595.0,-2,9,1
2047.0,-1411.0,-2048.0,-43,-16,1
1260.0,801.0,-394.0,-16,-8,1
2047.0,627.0,-2048.0,36,-17,1
-875.0,-984.0,-1766.0,-48,7,1
93.0,699.0,-640.0,52,-12,1
-1607.0,1053.0,-944.0,18,3,1
1288.0,1043.0,-1287.0,61,-9,1
-671.0,948.0,-396.0,28,11,1
-335.0,-147.0,-657.0,57,-5,1
-1049.0,-709.0,-1274.0,-91,-22,1
-1380.0,1520.0,-1890.0,-21,-3,1
930.0,669.0,-290.0,20,-21,1
2047.0,128.0,278.0,34,-12,1
-1786.0,794.0,-1257.0,71,7,1
-2018.0,-643.0,-1604.0,-9,12,1
-211.0,-876.0,-2048.0,-76,6,1
-1055.0,821.0,-1012.0,57,16,1
-1440.0,1444.0,-705.0,-22,4,1
-1364.0,239.0,-1066.0,-18,3,1
1181.0,-695.0,-1164.0,-42,6,1
-733.0,599.0,-1347.0,-7,6,1
-2048.0,1011.0,-757.0,-24,-4,1
513.0,-886.0,-1716.0,41,9,1
1238.0,301.0,-727.0,21,6,1
-636.0,1349.0,55.0,-16,-18,1
1344.0,-1031.0,-1958.0,30,8,1
-1528.0,1348.0,-700.0,-7,7,1
-363.0,-992.0,-1743.0,64,7,1
1092.0,1026.0,-792.0,-15,7,1
434.0,500.0,-1245.0,-62,-7,1
-832.0,1068.0,-185.0,-3,-15,1
1675.0,-962.0,-1485.0,24,-16,1
-1367.0,1116.0,729.0,-30,-7,1
2047.0,-1309.0,-1401.0,-34,1,1
500.0,-948.0,-2048.0,-62,17,1
-213.0,884.0,-58.0,-25,-2,1
-574.0,-39.0,-844.0,38,7,1
-147.0,-746.0,-1689.0,44,-20,1
82.0,152.0,-730.0,-25,3,1
1422.0,-738.0,-1756.0,64,10,1
1116.0,303.0,-260.0,55,-17,1
-1728.0,980.0,-1407.0,-23,13,1
127.0,626.0,-184.0,-22,-4,1
1598.0,-755.0,-1519.0,26,14,1
612.0,279.0,-859.0,-38,19,1
-52.0,1191.0,-476.0,-3,1,1
1319.0,524.0,-115.0,-24,-3,1
-497.0,45.0,-773.0,55,1,1
2047.0,-1201.0,-1713.0,-48,-5,1
46.0,1036.0,-1800.0,38,14,1
-232.0,667.0,-1119.0,0,16,1
-1157.0,515.0,-342.0,-17,7,1
-1397.0,1147.0,-599.0,-11,-7,1
2022.0,714.0,-1637.0,37,-13,1
-1038.0,-137.0,-1299.0,-30,-3,1
662.0,-477.0,-1691.0,-39,7,1
-642.0,592.0,-650.0,36,14,1
-1665.0,1440.0,-254.0,-8,-5,1
1311.0,894.0,-1559.0,1,5,1
-580.0,1293.0,110.0,-16,-3,1
1666.0,-636.0,-1148.0,1,-1,1
-821.0,575.0,-1214.0,-28,-12,1
-1879.0,210.0,-832.0,31,-8,1
2047.0,-1442.0,-1283.0,-54,4,1
-544.0,410.0,-1655.0,-19,-12,1
2047.0,-1191.0,-1313.0,-18,-12,1
-583.0,-642.0,-1767.0,48,-16,1
384.0,533.0,-697.0,-31,16,1
-1489.0,1452.0,37.0,7,3,1
-624.0,1090.0,-841.0,-13,2,1
-56.0,-345.0,-1753.0,-8,-14,1
74.0,-591.0,-2048.0,-17,0,1
2047.0,1315.0,-471.0,71,0,1
46.0,723.0,-962.0,-26,-8,1
150.0,212.0,-2048.0,45,1,1
-1927.0,1203.0,-880.0,45,11,1
-1723.0,950.0,-1286.0,33,16,1
-2048.0,55.0,-1284.0,38,10,1
10.0,-1081.0,-778.0,-20,-19,1
-1180.0,-262.0,-1129.0,-53,-20,1
1112.0,-662.0,-1784.0,-43,-22,1
-2048.0,1244.0,-737.0,-13,2,1
995.0,-961.0,-2048.0,52,7,1
-2021.0,1170.0,708.0,-4,-11,1
-911.0,179.0,-1183.0,-20,3,1
-1461.0,-214.0,-1143.0,8,12,1
-2048.0,1116.0,-1683.0,-27,-4,1
204.0,-917.0,-591.0,4,-26,1
-2048.0,1267.0,832.0,-11,-11,1
537.0,-852.0,-1790.0,8,10,1
2047.0,335.0,553.0,43,-20,1
1177.0,931.0,-203.0,-21,-1,1
218.0,-1176.0,-2048.0,39,9,1
-716.0,-117.0,-1033.0,49,-3,1
-332.0,-1134.0,-2048.0,36,9,1
-1309.0,276.0,-753.0,35,-14,1
-599.0,166.0,-710.0,-46,-20,1
-1749.0,1151.0,-784.0,36,12,1
-2048.0,996.0,-2048.0,16,-17,1
921.0,716.0,231.0,41,-18,1
-1386.0,1147.0,-479.0,-54,5,1
1893.0,209.0,840.0,-10,-18,1
1017.0,-967.0,-2048.0,27,6,1
1499.0,-788.0,-1753.0,-3,-19,1
779.0,-1126.0,-2048.0,30,3,1
-406.0,-150.0,-1448.0,5,12,1
-865.0,697.0,307.0,-35,-2,1
751.0,-1198.0,-2048.0,-15,11,1
577.0,-462.0,-754.0,41,-15,1
-641.0,-338.0,-1067.0,25,-17,1
-1570.0,1310.0,-183.0,-33,10,1
1604.0,400.0,-2048.0,51,3,1
-71.0,128.0,260.0,40,5,1
-1142.0,1105.0,-2048.0,-11,7,1
2047.0,-1213.0,-2048.0,-34,7,1
863.0,347.0,732.0,53,12,1
-573.0,-482.0,-2048.0,17,7,1
-519.0,850.0,-2048.0,27,11,1
-1734.0,1119.0,-728.0,26,6,1
2047.0,203.0,-2048.0,17,8,1
-1530.0,1160.0,-505.0,-13,13,1
1050.0,-965.0,-1436.0,-40,-13,1
195.0,301.0,-325.0,-18,-3,1
2047.0,-1473.0,-2048.0,-65,-21,1
2047.0,-1593.0,-2048.0,-31,11,1
249.0,928.0,-819.0,45,12,1
-246.0,-653.0,-2048.0,-13,5,1
2047.0,-1607.0,-2048.0,-67,-16,1
485.0,1092.0,-504.0,-22,-11,1
446.0,-971.0,-2048.0,-47,-4,1
-1421.0,129.0,-1010.0,-32,13,1
2047.0,-1281.0,-1852.0,-49,-11,1
681.0,-1164.0,-2048.0,29,4,1
-119.0,-992.0,-2048.0,-47,-12,1
612.0,-1049.0,-1200.0,-84,2,1
-611.0,730.0,173.0,-14,-18,1
1298.0,-708.0,-714.0,64,17,1
-2048.0,948.0,-1829.0,-44,-7,1
1325.0,-1145.0,-2048.0,-71,-25,1
2041.0,-1170.0,-2048.0,35,2,1
-1030.0,1111.0,-626.0,26,2,1
818.0,-968.0,-2048.0,49,6,1
400.0,-529.0,-437.0,53,-10,1
-2048.0,1118.0,-609.0,-33,-9,1
1603.0,-849.0,-1824.0,16,0,1
258.0,-877.0,-2048.0,41,-1,1
2047.0,-1356.0,-2048.0,-45,-15,1
-2048.0,149.0,-1318.0,-22,-17,1
956.0,-1008.0,-2048.0,-59,-18,1
-933.0,473.0,-793.0,83,17,1
-1750.0,205.0,-1005.0,7,1,1
-550.0,1311.0,-224.0,19,12,1
-2048.0,-795.0,-1601.0,-15,6,1
1440.0,791.0,-319.0,-53,-16,1
-1976.0,-522.0,-1454.0,46,15,1
586.0,1272.0,-762.0,-13,-1,1
-1251.0,426.0,-637.0,-1,-1,1
1045.0,-539.0,-1498.0,10,6,1
113.0,-681.0,-1337.0,51,17,1
659.0,-488.0,-1627.0,-14,6,1
1298.0,-856.0,-1550.0,-23,9,1
340.0,596.0,-609.0,34,14,1
1569.0,405.0,511.0,-9,-13,1
2047.0,-1309.0,-1583.0,-66,-22,1
-843.0,521.0,-1256.0,45,10,1
-1077.0,983.0,-1717.0,56,16,1
-2048.0,888.0,-635.0,-21,-18,1
1203.0,-763.0,-1801.0,-71,-21,1
-1561.0,1173.0,-1067.0,-11,2,1
-1542.0,1522.0,-423.0,48,14,1
-250.0,427.0,-1422.0,-32,-3,1
861.0,-808.0,-2048.0,-23,7,1
-764.0,669.0,-968.0,-13,11,1
-1813.0,58.0,-1080.0,-68,15,1
-2048.0,996.0,-1984.0,-15,-15,1
253.0,-684.0,-2048.0,51,-2,1
832.0,-613.0,-1602.0,-53,-20,1
-115.0,904.0,-769.0,27,13,1
-1506.0,1087.0,398.0,-20,10,1
432.0,-777.0,-1846.0,46,-11,1
1434.0,-693.0,-1533.0,-32,3,1
1132.0,-261.0,-992.0,-20,-4,1
-459.0,1447.0,324.0,-63,-17,1
1180.0,8.0,-606.0,-13,14,1
-745.0,-726.0,-1493.0,-52,-20,1
-153.0,666.0,-357.0,11,15,1
426.0,780.0,38.0,-11,4,1
1753.0,-1150.0,-1898.0,-64,-24,1
-2048.0,959.0,-1464.0,10,16,1
-356.0,52.0,278.0,-18,12,1
1493.0,268.0,-171.0,-63,-18,1
103.0,959.0,-431.0,-37,1,1
-343.0,929.0,-391.0,-26,-20,1
596.0,-1216.0,-2048.0,-60,-20,1
173.0,805.0,-389.0,-20,-18,1
361.0,-818.0,-1887.0,38,3,1
1960.0,588.0,-2027.0,33,11,1
-1410.0,-493.0,-1292.0,-46,-16,1
294.0,747.0,-873.0,53,8,1
-2048.0,1102.0,281.0,-10,-19,1
2047.0,-1055.0,-1279.0,18,15,1
852.0,115.0,-682.0,-9,-10,1
-376.0,87.0,-48.0,-22,-2,1
2047.0,443.0,833.0,-18,-4,1
-111.0,710.0,-333.0,-19,15,1
-1259.0,222.0,-813.0,-22,-14,1
1314.0,-858.0,-1553.0,46,-10,1
144.0,-792.0,-2048.0,-48,10,1
267.0,-704.0,-1404.0,24,-26,1
-248.0,749.0,-1187.0,-13,-7,1
1121.0,-836.0,-933.0,-61,2,1
-974.0,-537.0,-1389.0,-70,-20,1
1001.0,524.0,-388.0,-18,13,1
2047.0,215.0,857.0,-27,-12,1
-473.0,-638.0,-1739.0,-43,-21,1
976.0,382.0,-859.0,-1,18,1
1833.0,439.0,658.0,-17,-6,1
276.0,-846.0,-1453.0,-47,-24,1
-1836.0,942.0,649.0,-22,8,1
1900.0,509.0,467.0,-26,-6,1
1229.0,-888.0,-1100.0,-64,-23,1
969.0,-1161.0,-2048.0,16,15,1
-44.0,886.0,-2029.0,5,3,1
-52.0,469.0,-426.0,46,-19,1
999.0,814.0,-139.0,-19,12,1
-879.0,6.0,-351.0,14,18,0
-133.0,552.0,-1190.0,-38,10,0
708.0,-327.0,-1076.0,15,17,0
-80.0,39.0,-657.0,6,2,0
976.0,-467.0,-1276.0,-13,15,0
920.0,-305.0,-247.0,25,-17,0
-532.0,378.0,-488.0,-3,2,0
1221.0,-65.0,-1984.0,2,0,0
392.0,-54.0,-553.0,-2,-3,0
1603.0,-555.0,-1891.0,6,24,0
452.0,237.0,-2048.0,-24,5,0
355.0,132.0,-539.0,-7,-1,0
-83.0,615.0,-1230.0,4,-9,0
68.0,-181.0,-907.0,24,0,0
-1597.0,954.0,-1360.0,-11,-16,0
561.0,-513.0,-261.0,6,-10,0
-1483.0,376.0,-526.0,-39,-2,0
-149.0,-253.0,-483.0,-7,18,0
-73.0,635.0,-646.0,-28,-1,0
-1468.0,735.0,-1389.0,24,-9,0
945.0,-271.0,-271.0,0,1,0
-319.0,-93.0,-132.0,25,8,0
-257.0,832.0,-620.0,1,-7,0
291.0,-490.0,-2048.0,31,15,0
120.0,-123.0,-735.0,46,-12,0
-1041.0,904.0,-817.0,-57,-8,0
1238.0,667.0,-1473.0,6,-34,0
667.0,236.0,-1808.0,-39,20,0
1090.0,-389.0,-771.0,15,-20,0
-1486.0,842.0,-1371.0,-9,-16,0
571.0,-489.0,-1438.0,9,3,0
-1097.0,296.0,-688.0,34,14,0
-27.0,-146.0,-734.0,-16,-3,0
-891.0,-507.0,-444.0,31,-5,0
579.0,-419.0,-2027.0,-37,-2,0
1171.0,-408.0,-290.0,-4,-15,0
-594.0,44.0,-634.0,1,-39,0
336.0,-369.0,-371.0,-4,-2,0
-767.0,383.0,-496.0,2,1,0
-536.0,299.0,-843.0,4,-7,0
471.0,-309.0,-1370.0,-12,-3,0
-411.0,-162.0,-629.0,19,5,0
-1608.0,890.0,-1172.0,-29,-14,0
732.0,-439.0,-1596.0,10,12,0
-676.0,386.0,-626.0,-4,-13,0
-98.0,-374.0,-594.0,-4,4,0
314.0,-363.0,-633.0,-9,0,0
-853.0,625.0,-800.0,1,-4,0
406.0,-534.0,-1236.0,1,-11,0
254.0,-169.0,-1800.0,-4,-24,0
-63.0,252.0,-368.0,17,12,0
660.0,-352.0,-699.0,5,4,0
-115.0,642.0,-678.0,1,-13,0
162.0,-79.0,-788.0,6,11,0
-1068.0,744.0,-937.0,-33,-12,0
1371.0,-328.0,-1310.0,-1,4,0
93.0,518.0,-499.0,3,16,0
1195.0,-610.0,-1790.0,-16,4,0
-789.0,318.0,-873.0,-19,2,0
644.0,-330.0,-1758.0,-6,-19,0
813.0,-417.0,-263.0,10,2,0
-181.0,354.0,-810.0,-10,-16,0
-205.0,-118.0,-2048.0,-11,-7,0
23.0,-189.0,-771.0,4,-20,0
1049.0,-576.0,-273.0,11,-15,0
-871.0,246.0,-571.0,-10,11,0
-1088.0,-62.0,-2048.0,-8,-7,0
1086.0,-199.0,-263.0,16,9,0
519.0,-80.0,-503.0,19,-10,0
-1767.0,922.0,-1287.0,-23,-6,0
881.0,-374.0,-825.0,-4,19,0
-1567.0,779.0,-1348.0,-9,-23,0
-110.0,472.0,-1739.0,-27,-29,0
-586.0,14.0,-2048.0,8,0,0
795.0,-338.0,-1786.0,17,11,0
143.0,100.0,-532.0,14,6,0
157.0,537.0,-1410.0,-15,-3,0
1043.0,-309.0,-773.0,12,2,0
785.0,-243.0,-514.0,3,-5,0
402.0,3.0,-425.0,25,-22,0
-1775.0,775.0,-1867.0,-14,21,0
1359.0,-367.0,-1497.0,13,16,0
-1125.0,273.0,-646.0,4,20,0
313.0,-231.0,-1256.0,-25,8,0
-863.0,337.0,-485.0,-22,14,0
-800.0,67.0,-2048.0,-14,-5,0
-334.0,-145.0,-610.0,5,25,0
-15.0,-325.0,-928.0,-9,3,0
342.0,-359.0,-566.0,2,8,0
1.0,600.0,-1150.0,5,-16,0
459.0,-169.0,-576.0,11,12,0
338.0,-104.0,-907.0,0,-16,0
813.0,-403.0,-172.0,-3,-19,0
-854.0,400.0,-643.0,-13,-11,0
320.0,-542.0,-1746.0,0,0,0
-1043.0,-326.0,-493.0,24,20,0
-358.0,-25.0,-2048.0,26,1,0
250.0,-379.0,-379.0,9,10,0
-272.0,504.0,-573.0,-10,-5,0
501.0,-429.0,-2048.0,-2,-9,0
-640.0,156.0,-959.0,-19,-9,0
-544.0,107.0,-2042.0,-4,-5,0
340.0,-313.0,-322.0,-8,5,0
464.0,-189.0,-954.0,16,-13,0
-669.0,357.0,-1783.0,-14,1,0
688.0,-124.0,-395.0,1,-14,0
-146.0,104.0,-1046.0,-4,7,0
607.0,-228.0,-1407.0,-9,-6,0
121.0,-209.0,-419.0,0,13,0
-542.0,630.0,-805.0,6,-10,0
-152.0,28.0,-767.0,3,11,0
-31.0,611.0,-883.0,-8,6,0
377.0,-404.0,-781.0,16,14,0
-918.0,274.0,-878.0,7,-5,0
970.0,-450.0,-1776.0,21,7,0
856.0,-228.0,-413.0,0,38,0
-776.0,-59.0,-2048.0,-36,-27,0
129.0,-256.0,-742.0,8,16,0
-54.0,128.0,-340.0,23,-15,0
-751.0,401.0,-574.0,13,-3,0
164.0,315.0,-1533.0,-5,-4,0
730.0,-373.0,-1232.0,17,12,0
-1492.0,550.0,-930.0,-9,-7,0
563.0,-288.0,-1727.0,-20,-3,0
922.0,-378.0,-192.0,24,23,0
1163.0,-574.0,143.0,-8,11,0
384.0,-289.0,-1027.0,14,-2,0
410.0,209.0,-312.0,5,-13,0
604.0,-492.0,-402.0,40,13,0
-1397.0,380.0,-803.0,-2,-20,0
360.0,323.0,-1816.0,11,-15,0
435.0,-415.0,-595.0,2,16,0
-888.0,29.0,-626.0,28,14,0
-299.0,645.0,-882.0,-34,-32,0
1151.0,-725.0,-1561.0,-11,0,0
1158.0,-561.0,-392.0,-25,10,0
98.0,454.0,-1561.0,-8,22,0
-375.0,210.0,-549.0,-43,-5,0
-916.0,217.0,-2048.0,15,-17,0
-155.0,665.0,-735.0,-14,-15,0
1566.0,-321.0,-2048.0,7,13,0
1421.0,-443.0,-259.0,29,6,0
-616.0,744.0,-520.0,-56,-33,0
-1154.0,175.0,-2048.0,16,-1,0
-561.0,857.0,-361.0,4,-15,0
-295.0,793.0,-478.0,-15,-8,0
-927.0,97.0,-2048.0,-31,-21,0
1573.0,-548.0,-548.0,-60,-1,0
-1060.0,786.0,-752.0,-26,-9,0
1588.0,-529.0,-2048.0,34,24,0
-462.0,-51.0,-401.0,44,-18,0
624.0,57.0,-1922.0,-2,-14,0
-95.0,-168.0,-778.0,-9,34,0
1454.0,-629.0,-419.0,28,-22,0
453.0,-145.0,13.0,85,-16,0
-28.0,244.0,28.0,-85,16,0
451.0,-110.0,-534.0,-10,9,0
-1173.0,-69.0,-2048.0,33,23,0
577.0,-441.0,-48.0,40,1,0
-856.0,328.0,-2010.0,-22,-16,0
1143.0,-693.0,-2048.0,48,-6,0
659.0,-577.0,-1158.0,152,34,0
-771.0,206.0,-14.0,-67,19,0
233.0,602.0,96.0,-27,-9,0
-674.0,675.0,-884.0,-29,-17,0
1366.0,-227.0,-2048.0,-64,-15,0
1546.0,-704.0,-674.0,87,-13,0
530.0,-185.0,255.0,11,1,0
50.0,307.0,249.0,17,11,0
26.0,-367.0,-827.0,1,-14,0
70.0,-767.0,-846.0,-10,-16,0
154.0,611.0,-640.0,-36,10,0
1135.0,-344.0,-664.0,52,1,0
235.0,-9.0,-863.0,18,23,0
430.0,-422.0,-1265.0,0,11,0
-927.0,408.0,-1060.0,-3,-6,0
-112.0,160.0,-1023.0,15,-3,0
636.0,-409.0,-1506.0,0,-4,0
351.0,-458.0,-688.0,-6,1,0
532.0,-167.0,-529.0,-4,1,0
187.0,124.0,-981.0,0,-3,0
312.0,402.0,-1042.0,-9,4,0
-56.0,4.0,-1750.0,-19,-6,0
486.0,16.0,-401.0,7,-6,0
-1418.0,628.0,-1296.0,-8,-8,0
962.0,-425.0,-1029.0,0,6,0
-1055.0,261.0,-970.0,13,16,0
1179.0,-452.0,-954.0,-5,16,0
-179.0,-247.0,-856.0,50,26,0
-1031.0,107.0,-269.0,-17,5,0
-1423.0,383.0,-444.0,-17,-12,0
-1331.0,551.0,-682.0,17,-5,0
-1518.0,851.0,-1747.0,-45,-5,0
-1076.0,902.0,-165.0,-105,19,0
-422.0,70.0,-426.0,-12,-40,0
-1083.0,274.0,-2048.0,-59,-14,0
-345.0,947.0,-541.0,-10,7,0
1919.0,-511.0,-2027.0,-11,36,0
1570.0,-512.0,-1513.0,37,-10,0
832.0,-675.0,-831.0,18,21,0
1370.0,-981.0,-383.0,35,22,0
-1065.0,616.0,-82.0,-88,7,0
-520.0,-186.0,-2048.0,-15,22,0
-519.0,279.0,-189.0,4,-5,0
-1015.0,-145.0,104.0,-54,5,0
-1104.0,423.0,-248.0,-21,-20,0
-728.0,143.0,-52.0,-62,18,0
-719.0,314.0,-2048.0,-37,2,0
611.0,172.0,-1738.0,-95,11,0
914.0,168.0,-1741.0,-23,-37,0
-573.0,357.0,-1958.0,-15,-23,0
1073.0,-249.0,-1497.0,29,11,0
194.0,581.0,-624.0,-10,-14,0
-1061.0,158.0,-2048.0,-15,-19,0
-55.0,516.0,-542.0,41,25,0
-82.0,-299.0,-734.0,36,3,0
603.0,133.0,-183.0,-4,-4,0
761.0,-445.0,-1254.0,-30,-13,0
1661.0,-505.0,-281.0,-6,-8,0
382.0,103.0,-2048.0,1,4,0
782.0,-637.0,-95.0,-8,-14,0
-1064.0,324.0,-620.0,10,3,0
940.0,480.0,-1461.0,-68,0,0
895.0,-469.0,25.0,51,-3,0
724.0,346.0,-1472.0,-6,-23,0
1047.0,-474.0,-1148.0,6,-8,0
-175.0,434.0,-527.0,-10,13,0
924.0,-445.0,-1857.0,26,25,0
-1128.0,-367.0,-300.0,15,-3,0
-1159.0,680.0,-1001.0,-8,-8,0
543.0,-386.0,-1665.0,6,2,0
123.0,348.0,-745.0,8,-1,0
938.0,-439.0,-1628.0,-9,2,0
-321.0,364.0,-684.0,1,11,0
-420.0,561.0,-959.0,-5,1,0
290.0,-511.0,-613.0,23,6,0
496.0,13.0,-508.0,4,-25,0
-804.0,272.0,-708.0,-37,-15,0
-663.0,-26.0,-2048.0,-30,-20,0
591.0,573.0,-1864.0,-36,22,0
-255.0,-90.0,-476.0,17,-13,0
-1301.0,769.0,-1194.0,-24,-6,0
240.0,-404.0,-362.0,26,10,0
-185.0,171.0,-808.0,-16,-9,0
586.0,341.0,-1878.0,-11,22,0
191.0,-199.0,-605.0,9,-6,0
864.0,-502.0,-1572.0,6,23,0
117.0,-325.0,-1377.0,5,-6,0
697.0,-37.0,-605.0,13,5,0
96.0,-49.0,-606.0,8,-1,0
33.0,201.0,-896.0,1,17,0
263.0,-403.0,-1574.0,1,-5,0
-1044.0,45.0,-1014.0,-3,1,0
-94.0,33.0,-1142.0,-2,-4,0
211.0,-18.0,-499.0,-6,-9,0
-31.0,506.0,-698.0,-8,-4,0
-7.0,-198.0,-687.0,10,2,0
-323.0,206.0,-991.0,-3,-3,0
290.0,-280.0,-352.0,-19,0,0
-40.0,-63.0,-366.0,-9,-1,0
-268.0,360.0,-762.0,1,-9,0
456.0,-11.0,-826.0,9,13,0
-823.0,326.0,-2048.0,-12,-8,0
747.0,-131.0,-421.0,8,19,0
-25.0,514.0,-1217.0,-14,-6,0
33.0,-246.0,-565.0,-6,4,0
-1192.0,750.0,-921.0,-9,17,0
1563.0,-739.0,-1590.0,-9,9,0
1125.0,-319.0,-379.0,25,-2,0
211.0,419.0,-825.0,-11,6,0
1255.0,-627.0,-1889.0,-19,-3,0
2.0,-189.0,-756.0,21,7,0
223.0,-176.0,-1786.0,-6,-15,0
4.0,689.0,-848.0,-44,-15,0
738.0,-213.0,-726.0,-4,0,0
23.0,532.0,-981.0,-20,-13,0
-251.0,-178.0,-871.0,12,0,0
-199.0,247.0,-914.0,4,9,0
-595.0,123.0,-1068.0,-6,4,0
443.0,-231.0,-1772.0,4,-6,0
-905.0,189.0,-928.0,-1,14,0
690.0,-76.0,-503.0,16,2,0
380.0,-267.0,-409.0,9,19,0
-361.0,542.0,-931.0,-3,11,0
1258.0,-569.0,-1596.0,0,-15,0
539.0,-541.0,-387.0,21,-4,0
-1267.0,405.0,-853.0,-6,11,0
742.0,-75.0,-205.0,19,-1,0
-1248.0,81.0,-371.0,-9,-22,0
-402.0,559.0,-1667.0,-9,-20,0
-30.0,272.0,-2000.0,3,12,0
466.0,-418.0,-314.0,29,28,0
-1023.0,378.0,-729.0,4,-10,0
-379.0,336.0,-2048.0,-1,0,0
1036.0,-468.0,-912.0,31,2,0
-722.0,608.0,-653.0,-4,-19,0
-733.0,650.0,-739.0,-18,4,0
1084.0,-468.0,-2048.0,16,2,0
-557.0,429.0,-83.0,9,16,0
-824.0,547.0,-247.0,8,-15,0
-700.0,400.0,-1752.0,-50,-14,0
-1132.0,366.0,-845.0,-38,12,0
730.0,-313.0,-1384.0,-11,8,0
533.0,-419.0,-1056.0,6,21,0
305.0,184.0,-269.0,17,-32,0
-1292.0,540.0,-1810.0,-41,-12,0
-218.0,-128.0,-589.0,11,3,0
-129.0,241.0,-503.0,16,13,0
149.0,522.0,-1457.0,-37,0,0
653.0,-497.0,-897.0,-3,21,0
87.0,-162.0,-388.0,27,-6,0
295.0,-538.0,-247.0,14,9,0
-579.0,259.0,-741.0,47,-23,0
-21.0,241.0,-1889.0,-11,-1,0
1063.0,-322.0,-815.0,3,3,0
-1560.0,824.0,-349.0,-9,35,0
1465.0,-290.0,-2048.0,13,7,0
-277.0,-236.0,-639.0,12,37,0
513.0,-189.0,-1128.0,-47,-22,0
210.0,-484.0,-2048.0,-45,-20,0
1080.0,-284.0,-529.0,46,-15,0
-439.0,123.0,-388.0,25,-3,0
-347.0,-3.0,-389.0,28,-17,0
-486.0,673.0,-391.0,21,-46,0
-214.0,-18.0,-319.0,-12,9,0
41.0,-86.0,-545.0,63,26,0
-978.0,482.0,-1845.0,-47,17,0
-826.0,329.0,-1946.0,-6,-30,0
1090.0,-681.0,-1697.0,-31,7,0
-46.0,-489.0,-338.0,7,15,0
-93.0,707.0,-497.0,-57,11,0
-1685.0,880.0,-161.0,-55,-2,0
1019.0,-510.0,-1655.0,25,8,0
1649.0,-760.0,-481.0,34,-18,0
294.0,-616.0,-843.0,27,-19,0
-1679.0,632.0,-675.0,-47,-20,0
1867.0,-227.0,-2048.0,35,20,0
122.0,-73.0,-24.0,-40,15,0
439.0,75.0,-1638.0,-46,-29,0
-514.0,-372.0,-1761.0,26,-4,0
202.0,209.0,-157.0,7,-25,0
-1379.0,395.0,-760.0,-72,-14,0
795.0,-440.0,-1434.0,-11,-1,0
-1509.0,463.0,-816.0,-2,11,0
452.0,-422.0,-1220.0,-13,-30,0
-908.0,453.0,-341.0,-3,25,0
1697.0,-688.0,-1192.0,13,-5,0
104.0,228.0,-224.0,3,7,0
-1324.0,733.0,-1393.0,-3,13,0
367.0,-272.0,-2048.0,-23,-22,0
-94.0,534.0,-674.0,-8,19,0
1035.0,-307.0,-122.0,22,19,0
533.0,-450.0,-1077.0,30,-17,0
609.0,-592.0,-401.0,25,7,0
267.0,182.0,-194.0,-44,-6,0
-546.0,613.0,-1190.0,-76,-5,0
-458.0,-64.0,-472.0,-1,6,0
5.0,-262.0,-393.0,25,-16,0
962.0,-513.0,-1878.0,-34,-5,0
-109.0,-428.0,-949.0,-28,-10,0
543.0,127.0,-1734.0,-42,8,0
789.0,-137.0,-1558.0,46,-14,0
449.0,-210.0,-321.0,9,12,0
1350.0,-556.0,-203.0,30,-14,0
-1345.0,510.0,-555.0,-33,15,0
1103.0,-306.0,-1241.0,17,8,0
512.0,-432.0,-1354.0,-28,1,0
447.0,-65.0,-661.0,7,3,0
538.0,-419.0,-1589.0,-33,-13,0
-1566.0,704.0,-1077.0,-1,-11,0
-878.0,594.0,-1844.0,-1,-3,0
-130.0,-493.0,-1667.0,-18,0,0
-1151.0,270.0,-1003.0,21,16,0
1152.0,-292.0,-474.0,6,-13,0
95.0,230.0,-680.0,6,35,0
-684.0,311.0,-2048.0,-9,-17,0
-565.0,63.0,-1854.0,-2,-29,0
1118.0,-411.0,-1362.0,-1,13,0
-1449.0,697.0,-940.0,-1,11,0
803.0,-724.0,-1112.0,-6,8,0
559.0,-9.0,-648.0,8,12,0
681.0,-557.0,-1536.0,-13,-12,0
574.0,-286.0,-837.0,-1,6,0
-942.0,343.0,-622.0,8,9,0
863.0,-432.0,-730.0,-15,-19,0
411.0,-235.0,-959.0,1,9,0
-272.0,731.0,-810.0,-3,-17,0
575.0,-27.0,-875.0,13,1,0
1067.0,-500.0,-1199.0,-1,-23,0
-212.0,-310.0,-400.0,-1,28,0
726.0,-251.0,-1556.0,-12,-9,0
-1153.0,487.0,-906.0,-2,-24,0
279.0,-187.0,-1103.0,1,-7,0
-210.0,179.0,-998.0,2,-4,0
387.0,-59.0,-607.0,-3,3,0
833.0,-386.0,-1143.0,-5,25,0
-237.0,176.0,-852.0,-2,12,0
241.0,-442.0,-1518.0,-13,29,0
-145.0,-79.0,-1304.0,-7,-4,0
-729.0,225.0,-892.0,-4,20,0
587.0,-342.0,-939.0,-23,12,0
244.0,97.0,-520.0,13,12,0
-892.0,592.0,-1066.0,0,-9,0
160.0,-106.0,-467.0,2,-9,0
597.0,-439.0,-1933.0,1,-1,0
335.0,79.0,-433.0,14,3,0
-803.0,89.0,-1960.0,14,16,0
-958.0,206.0,-959.0,17,-28,0
3.0,-100.0,-833.0,-22,-20,0
-887.0,341.0,-816.0,12,-18,0
-1158.0,797.0,-837.0,0,-5,0
668.0,-477.0,-1503.0,-1,9,0
230.0,-282.0,-636.0,26,41,0
-641.0,711.0,-869.0,-9,-8,0
-230.0,-252.0,-621.0,34,-4,0
-1145.0,-239.0,-490.0,17,-9,0
491.0,-389.0,-1878.0,-15,-15,0
373.0,-389.0,-1732.0,10,7,0
-1017.0,-158.0,-468.0,4,-2,0
-149.0,-482.0,-1878.0,-5,-10,0
1028.0,-183.0,-365.0,12,4,0
-71.0,403.0,-549.0,9,-13,0
-1693.0,735.0,-641.0,25,37,0
110.0,379.0,-1358.0,-32,-6,0
-662.0,179.0,-882.0,30,6,0
-447.0,352.0,-470.0,-23,26,0
342.0,-211.0,-1868.0,5,7,0
-983.0,164.0,-1044.0,-12,17,0
21.0,-204.0,-446.0,3,21,0
871.0,-385.0,-448.0,5,12,0
1191.0,-300.0,-320.0,15,11,0
92.0,-352.0,-1567.0,-1,-3,0
-253.0,217.0,-785.0,-1,-11,0
963.0,-341.0,-975.0,15,-1,0
-492.0,-190.0,-658.0,18,-5,0
-250.0,106.0,-1133.0,10,-1,0
-772.0,350.0,-905.0,-13,-13,0
-878.0,93.0,-2048.0,-10,-5,0
639.0,40.0,-637.0,-19,8,0
-701.0,463.0,-736.0,3,-5,0
81.0,-512.0,-1928.0,8,3,0
-958.0,178.0,-773.0,15,15,0
1052.0,-543.0,-1714.0,-17,-7,0
-83.0,-210.0,-818.0,19,30,0
1248.0,-276.0,-489.0,1,1,0
454.0,113.0,-352.0,-54,13,0
676.0,813.0,-998.0,12,-8,0
860.0,-443.0,-1637.0,21,-35,0
818.0,-343.0,-505.0,4,1,0
-426.0,590.0,-635.0,-6,5,0
1000.0,-513.0,-1448.0,-10,22,0
754.0,-385.0,-1475.0,7,26,0
242.0,-220.0,-588.0,9,11,0
-807.0,631.0,-973.0,4,-14,0
-1233.0,165.0,-908.0,-29,11,0
712.0,-417.0,-1141.0,-1,10,0
-360.0,548.0,-702.0,-6,8,0
-1408.0,732.0,-1110.0,-7,-23,0
740.0,343.0,-1524.0,1,-28,0
-887.0,944.0,-1133.0,14,39,0
-1614.0,619.0,-334.0,5,-9,0
-1642.0,1005.0,-531.0,-88,-6,0
-117.0,-428.0,-2048.0,33,2,0
-1371.0,-315.0,148.0,56,27,0
-152.0,198.0,-1664.0,-20,-14,0
1281.0,738.0,-1629.0,-14,7,0
48.0,-364.0,-2048.0,34,-7,0
1160.0,-684.0,-1018.0,11,-21,0
817.0,-613.0,-1213.0,16,-12,0
893.0,-609.0,-1773.0,92,19,0
1434.0,-546.0,-1851.0,-14,-2,0
-318.0,-205.0,-777.0,44,17,0
435.0,21.0,-442.0,-31,17,0
776.0,-658.0,-1869.0,-4,-3,0
1075.0,-463.0,-504.0,15,5,0
-89.0,-42.0,-385.0,22,8,0
-279.0,632.0,-876.0,-54,6,0
950.0,-463.0,-1726.0,9,-5,0
131.0,-359.0,-516.0,14,0,0
-475.0,-184.0,-2048.0,-19,-3,0
234.0,-271.0,-683.0,7,6,0
655.0,-349.0,-1257.0,-32,2,0
243.0,-283.0,-312.0,27,-14,0
-816.0,344.0,-787.0,2,12,0
-1068.0,804.0,-1021.0,-32,0,0
239.0,-524.0,-432.0,1,-5,0
185.0,372.0,-729.0,-3,-21,0
-124.0,-200.0,-564.0,11,-3,0
124.0,189.0,-1018.0,-13,0,0
727.0,-292.0,-728.0,4,3,0
-774.0,170.0,-986.0,5,-15,0
871.0,-403.0,-642.0,-12,-13,0
365.0,-1.0,-629.0,-7,16,0
723.0,-431.0,-1183.0,-4,0,0
261.0,20.0,-1201.0,-4,-1,0
336.0,-373.0,-1450.0,-2,-14,0
-391.0,126.0,-1161.0,4,2,0
279.0,-186.0,-1493.0,-1,-17,0
-1223.0,556.0,-995.0,0,20,0
-376.0,-131.0,-783.0,13,11,0
-1763.0,886.0,-567.0,8,-12,0
685.0,451.0,-1372.0,-20,15,0
1462.0,-582.0,-691.0,12,14,0
-276.0,-200.0,-710.0,39,20,0
-818.0,466.0,-1643.0,-57,-12,0
1499.0,-464.0,-1406.0,15,-15,0
-10.0,-462.0,-446.0,11,-29,0
-839.0,498.0,-454.0,-57,13,0
-999.0,391.0,-655.0,24,1,0
-430.0,861.0,-757.0,-32,7,0
-773.0,805.0,-167.0,-51,-18,0
554.0,-589.0,-1907.0,6,4,0
79.0,612.0,-789.0,25,-4,0
641.0,-462.0,-575.0,125,35,0
-477.0,217.0,-1926.0,17,-3,0
1221.0,-622.0,-1780.0,-10,-5,0
701.0,-515.0,-1453.0,9,15,0
-58.0,-195.0,-204.0,81,21,0
23.0,-67.0,-248.0,35,15,0
158.0,408.0,-548.0,-15,-4,0
-259.0,32.0,-50.0,-5,-3,0
1005.0,193.0,-2048.0,-6,14,0
-764.0,851.0,-326.0,-30,-27,0
658.0,-391.0,-805.0,46,4,0
-1282.0,632.0,-330.0,-24,42,0
-2048.0,-216.0,-214.0,30,36,0
-1606.0,535.0,-593.0,-47,-26,0
1447.0,-421.0,-1809.0,-16,-49,0
